序号,标题,发文字号,类型,来源,URL,发布日期,发文机关,备注
1,"国务院关于印发《教育发展“十五五”规划》的通知",,发布性,gov.cn,https://www.gov.cn/zhengce/zhengceku/202606/content_7073641.htm,2026.06.29,"国务院",
2,"国务院关于印发《全民健身计划（2026—2030年）》的通知",,发布性,gov.cn,https://www.gov.cn/zhengce/zhengceku/202607/content_7076421.htm,2026.07.23,"国务院",
3,"国务院关于印发《国民健康“十五五”规划》的通知",,发布性,gov.cn,https://www.gov.cn/zhengce/zhengceku/202607/content_7075214.htm,2026.07.13,"国务院",
4,"国务院关于印发《“十五五”碳达峰行动方案》的通知",,发布性,gov.cn,https://www.gov.cn/zhengce/zhengceku/202607/content_7074827.htm,2026.07.09,"国务院",
5,"国务院关于印发《美丽中国建设“十五五”规划》的通知",,发布性,gov.cn,https://www.gov.cn/zhengce/zhengceku/202607/content_7074200.htm,2026.07.03,"国务院",
6,"国务院关于印发《实施就业优先战略“十五五”规划》的通知",,发布性,gov.cn,https://www.gov.cn/zhengce/zhengceku/202606/content_7072482.htm,2026.06.17,"国务院",
7,"国务院关于印发《城市更新“十五五”规划》的通知",,发布性,gov.cn,https://www.gov.cn/zhengce/zhengceku/202605/content_7070540.htm,2026.05.28,"国务院",
8,"国务院办公厅印发《关于国务院行政复议案件处理程序的若干规定》的通知",,发布性,gov.cn,https://www.gov.cn/zhengce/zhengceku/202607/content_7076685.htm,2026.07.27,"国务院办公厅",
9,"国务院关于印发《加快农业农村现代化“十五五”规划》的通知",,发布性,gov.cn,https://www.gov.cn/zhengce/zhengceku/202606/content_7070902.htm,2026.06.02,"国务院",
10,"国务院关于印发《现代化应急体系建设“十五五”规划》的通知",,发布性,gov.cn,https://www.gov.cn/zhengce/zhengceku/202606/content_7071452.htm,2026.06.08,"国务院",
11,"国务院办公厅关于印发《国务院2026年度立法工作计划》的通知",,发布性,gov.cn,https://www.gov.cn/zhengce/zhengceku/202605/content_7068346.htm,2026.05.11,"国务院办公厅",
12,"国务院办公厅印发《关于加快建设分级诊疗体系的若干措施》的通知",,发布性,gov.cn,https://www.gov.cn/zhengce/zhengceku/202604/content_7065031.htm,2026.04.09,"国务院办公厅",
13,"国务院关于印发《中国（内蒙古）自由贸易试验区总体方案》的通知",,发布性,gov.cn,https://www.gov.cn/zhengce/zhengceku/202604/content_7065010.htm,2026.04.09,"国务院",
14,"国务院办公厅印发《关于建立企业信用状况综合评价体系的实施方案》的通知",,发布性,gov.cn,https://www.gov.cn/zhengce/zhengceku/202604/content_7064505.htm,2026.04.02,"国务院办公厅",
15,"国务院办公厅关于印发《加快培育服务消费新增长点工作方案》的通知",,发布性,gov.cn,https://www.gov.cn/zhengce/zhengceku/202601/content_7056523.htm,2026.01.29,"国务院办公厅",
16,"国务院办公厅关于印发《政务移动互联网应用程序规范化管理办法》的通知",,发布性,gov.cn,https://www.gov.cn/zhengce/zhengceku/202601/content_7056375.htm,2026.01.28,"国务院办公厅",
17,"国务院关于印发《固体废物综合治理行动计划》的通知",,发布性,gov.cn,https://www.gov.cn/zhengce/zhengceku/202601/content_7053808.htm,2026.01.04,"国务院",
18,"国务院办公厅关于印发《国家低温雨雪冰冻灾害应急预案》的通知",,发布性,gov.cn,https://www.gov.cn/zhengce/zhengceku/202601/content_7053945.htm,2026.01.05,"国务院办公厅",
19,"国务院办公厅关于印发《“高效办成一件事”2026年度第一批重点事项清单》的通知",,发布性,gov.cn,https://www.gov.cn/zhengce/zhengceku/202601/content_7054527.htm,2026.01.12,"国务院办公厅",
20,"国务院办公厅关于印发《落实水资源刚性约束制度考核办法》的通知",,发布性,gov.cn,https://www.gov.cn/zhengce/zhengceku/202512/content_7053462.htm,2025.12.31,"国务院办公厅",
21,"国务院办公厅 中央军委办公厅关于印发《兵役登记工作规定》的通知",,发布性,gov.cn,https://www.gov.cn/zhengce/zhengceku/202512/content_7051363.htm,2025.12.15,"国务院办公厅、中央军委办公厅",
22,"国务院办公厅印发《关于进一步促进民间投资发展的若干措施》的通知",,发布性,gov.cn,https://www.gov.cn/zhengce/zhengceku/202511/content_7047644.htm,2025.11.10,"国务院办公厅",
23,"国务院办公厅关于印发《国家地震应急预案》的通知",,发布性,gov.cn,https://www.gov.cn/zhengce/zhengceku/202510/content_7044768.htm,2025.10.17,"国务院办公厅",
24,"国务院办公厅关于印发《电子印章管理办法》的通知",,发布性,gov.cn,https://www.gov.cn/zhengce/zhengceku/202510/content_7043697.htm,2025.10.09,"国务院办公厅",
25,"国务院办公厅关于印发《“三北”工程总体规划》的通知",,发布性,gov.cn,https://www.gov.cn/zhengce/zhengceku/202509/content_7040318.htm,2025.09.12,"国务院办公厅",
26,"国务院办公厅关于印发《自然灾害调查评估暂行办法》的通知",,发布性,gov.cn,https://www.gov.cn/zhengce/zhengceku/202508/content_7035568.htm,2025.08.07,"国务院办公厅",
27,"国务院办公厅关于印发《“高效办成一件事”2025年度第二批重点事项清单》的通知",,发布性,gov.cn,https://www.gov.cn/zhengce/zhengceku/202507/content_7031053.htm,2025.07.08,"国务院办公厅",
28,"国务院办公厅关于印发《促进残疾人就业三年行动方案（2025—2027年）》的通知",,发布性,gov.cn,https://www.gov.cn/zhengce/zhengceku/202506/content_7030054.htm,2025.06.30,"国务院办公厅",
29,"国务院办公厅印发《关于进一步完善信用修复制度的实施方案》的通知",,发布性,gov.cn,https://www.gov.cn/zhengce/zhengceku/202506/content_7029484.htm,2025.06.26,"国务院办公厅",
30,"国务院办公厅关于印发《国务院2025年度立法工作计划》的通知",,发布性,gov.cn,https://www.gov.cn/zhengce/zhengceku/202505/content_7023698.htm,2025.05.14,"国务院办公厅",
31,"国务院办公厅印发《关于推动文化高质量发展的若干经济政策》的通知",,发布性,gov.cn,https://www.gov.cn/zhengce/zhengceku/202501/content_7000959.htm,2025.01.24,"国务院办公厅",
32,"国务院办公厅关于印发《“高效办成一件事”2025年度第一批重点事项清单》的通知",,发布性,gov.cn,https://www.gov.cn/zhengce/zhengceku/202501/content_6999056.htm,2025.01.16,"国务院办公厅",
33,"国务院办公厅印发《关于进一步培育新增长点繁荣文化和旅游消费的若干措施》的通知",,发布性,gov.cn,https://www.gov.cn/zhengce/zhengceku/202501/content_6998239.htm,2025.01.13,"国务院办公厅",
34,"国务院办公厅关于印发《中国遏制与防治艾滋病规划（2024—2030年）》的通知",,发布性,gov.cn,https://www.gov.cn/zhengce/zhengceku/202412/content_6992033.htm,2024.12.11,"国务院办公厅",
35,"国务院办公厅印发《关于加快完善生育支持政策体系推动建设生育友好型社会的若干措施》的通知",,发布性,gov.cn,https://www.gov.cn/zhengce/zhengceku/202410/content_6983486.htm,2024.10.28,"国务院办公厅",
36,"国务院办公厅关于印发《加快构建碳排放双控制度体系工作方案》的通知",,发布性,gov.cn,https://www.gov.cn/zhengce/zhengceku/202408/content_6966080.htm,2024.08.02,"国务院办公厅",
37,"国务院关于印发《深入实施以人为本的新型城镇化战略五年行动计划》的通知",,发布性,gov.cn,https://www.gov.cn/zhengce/zhengceku/202407/content_6965543.htm,2024.07.31,"国务院",
38,"国务院办公厅关于印发《“高效办成一件事”2024年度新一批重点事项清单》的通知",,发布性,gov.cn,https://www.gov.cn/zhengce/zhengceku/202407/content_6963544.htm,2024.07.19,"国务院办公厅",
39,"国务院办公厅关于印发《政府采购领域“整顿市场秩序、建设法规体系、促进产业发展”三年行动方案（2024—2026年）》的通知",,发布性,gov.cn,https://www.gov.cn/zhengce/zhengceku/202407/content_6961216.htm,2024.07.04,"国务院办公厅",
40,"国务院办公厅关于印发《促进创业投资高质量发展的若干政策措施》的通知",,发布性,gov.cn,https://www.gov.cn/zhengce/zhengceku/202406/content_6958231.htm,2024.06.19,"国务院办公厅",
41,"国务院办公厅关于印发《深化医药卫生体制改革2024年重点工作任务》的通知",,发布性,gov.cn,https://www.gov.cn/zhengce/zhengceku/202406/content_6955905.htm,2024.06.06,"国务院办公厅",
42,"国务院关于印发《2024—2025年节能降碳行动方案》的通知",,发布性,gov.cn,https://www.gov.cn/zhengce/zhengceku/202405/content_6954323.htm,2024.05.29,"国务院",
43,"国务院办公厅关于印发《国务院2024年度立法工作计划》的通知",,发布性,gov.cn,https://www.gov.cn/zhengce/zhengceku/202405/content_6950094.htm,2024.05.09,"国务院办公厅",
44,"国务院办公厅关于印发《统筹融资信用服务平台建设提升中小微企业融资便利水平实施方案》的通知",,发布性,gov.cn,https://www.gov.cn/zhengce/zhengceku/202404/content_6943104.htm,2024.04.02,"国务院办公厅",
45,"国务院办公厅关于印发《扎实推进高水平对外开放更大力度吸引和利用外资行动方案》的通知",,发布性,gov.cn,https://www.gov.cn/zhengce/zhengceku/202403/content_6940155.htm,2024.03.19,"国务院办公厅",
46,"国务院关于印发《推动大规模设备更新和消费品以旧换新行动方案》的通知",,发布性,gov.cn,https://www.gov.cn/zhengce/zhengceku/202403/content_6939233.htm,2024.03.13,"国务院",
47,"国务院办公厅关于印发《突发事件应急预案管理办法》的通知",,发布性,gov.cn,https://www.gov.cn/zhengce/zhengceku/202402/content_6930817.htm,2024.02.07,"国务院办公厅",
48,"国务院办公厅关于印发《国家自然灾害救助应急预案》的通知",,发布性,gov.cn,https://www.gov.cn/zhengce/zhengceku/202402/content_6930039.htm,2024.02.04,"国务院办公厅",
49,"国务院办公厅关于印发《知识产权领域中央与地方财政事权和支出责任划分改革方案》的通知",,发布性,gov.cn,https://www.gov.cn/zhengce/zhengceku/202312/content_6923311.htm,2023.12.29,"国务院办公厅",
50,"国务院办公厅印发《关于加快内外贸一体化发展的若干措施》的通知",,发布性,gov.cn,https://www.gov.cn/zhengce/zhengceku/202312/content_6919597.htm,2023.12.11,"国务院办公厅",
51,"国务院关于印发《空气质量持续改善行动计划》的通知",,发布性,gov.cn,https://www.gov.cn/zhengce/zhengceku/202312/content_6919001.htm,2023.12.07,"国务院",
52,"国务院关于印发《全面对接国际高标准经贸规则推进中国（上海）自由贸易试验区高水平制度型开放总体方案》的通知",,发布性,gov.cn,https://www.gov.cn/zhengce/zhengceku/202312/content_6918914.htm,2023.12.07,"国务院",
53,"国务院关于印发《中国（新疆）自由贸易试验区总体方案》的通知",,发布性,gov.cn,https://www.gov.cn/zhengce/zhengceku/202310/content_6912937.htm,2023.10.31,"国务院",
54,"国务院办公厅关于印发《专利转化运用专项行动方案（2023—2025年）》的通知",,发布性,gov.cn,https://www.gov.cn/zhengce/zhengceku/202310/content_6910282.htm,2023.10.19,"国务院办公厅",
55,"国务院办公厅印发《关于释放旅游消费潜力推动旅游业高质量发展的若干措施》的通知",,发布性,gov.cn,https://www.gov.cn/zhengce/zhengceku/202309/content_6907052.htm,2023.09.29,"国务院办公厅",
56,"国务院办公厅关于印发《保障农民工工资支付工作考核办法》的通知",,发布性,gov.cn,https://www.gov.cn/zhengce/zhengceku/202309/content_6906542.htm,2023.09.27,"国务院办公厅",
57,"国务院办公厅关于印发《香港法律执业者和澳门执业律师在粤港澳大湾区内地九市取得内地执业资质和从事律师职业试点办法》的通知",,发布性,gov.cn,https://www.gov.cn/zhengce/zhengceku/202309/content_6906873.htm,2023.09.28,"国务院办公厅",
58,"国务院办公厅关于印发《提升行政执法质量三年行动计划（2023—2025年）》的通知",,发布性,gov.cn,https://www.gov.cn/zhengce/zhengceku/202309/content_6902223.htm,2023.09.05,"国务院办公厅",
59,"国务院关于印发《河套深港科技创新合作区深圳园区发展规划》的通知",,发布性,gov.cn,https://www.gov.cn/zhengce/zhengceku/202308/content_6900743.htm,2023.08.29,"国务院",
60,"国务院办公厅关于印发《政务服务电子文件归档和电子档案管理办法》的通知",,发布性,gov.cn,https://www.gov.cn/zhengce/zhengceku/202308/content_6899494.htm,2023.08.22,"国务院办公厅",
61,"国务院印发关于在有条件的自由贸易试验区和自由贸易港试点对接国际高标准推进制度型开放若干措施的通知",,发布性,gov.cn,https://www.gov.cn/zhengce/zhengceku/202306/content_6889027.htm,2023.06.29,"国务院",
62,"国务院办公厅关于印发国务院2023年度立法工作计划的通知",,发布性,gov.cn,https://www.gov.cn/zhengce/zhengceku/202306/content_6884926.htm,2023.06.06,"国务院办公厅",
63,"国务院关于印发《国务院工作规则》的通知",,发布性,gov.cn,http://www.gov.cn/zhengce/zhengceku/2023-03/24/content_5748128.htm,2023.03.24,"国务院",
64,"国务院办公厅关于印发食品安全工作评议考核办法的通知",,发布性,gov.cn,http://www.gov.cn/zhengce/zhengceku/2023-03/22/content_5747864.htm,2023.03.22,"国务院办公厅",
65,"国务院办公厅关于印发中医药振兴发展重大工程实施方案的通知",,发布性,gov.cn,http://www.gov.cn/zhengce/zhengceku/2023-02/28/content_5743680.htm,2023.02.28,"国务院办公厅",
66,"国务院应对新型冠状病毒感染疫情联防联控机制 中央农村工作领导小组关于印发加强当前农村地区新型冠状病毒感染疫情防控工作方案的通知",,发布性,gov.cn,http://www.gov.cn/zhengce/zhengceku/2022-12/31/content_5734418.htm,2022.12.31,"国务院应对新型冠状病毒感染疫情联防联控机制、中央农村工作领导小组",
67,"国务院办公厅关于印发“十四五”现代物流发展规划的通知",,发布性,gov.cn,http://www.gov.cn/zhengce/zhengceku/2022-12/15/content_5732092.htm,2022.12.15,"国务院办公厅",
68,"国务院办公厅关于印发全国一体化政务大数据体系建设指南的通知",,发布性,gov.cn,http://www.gov.cn/zhengce/zhengceku/2022-10/28/content_5722322.htm,2022.10.28,"国务院办公厅",
69,"国务院办公厅关于印发第十次全国深化“放管服”改革电视电话会议重点任务分工方案的通知",,发布性,gov.cn,http://www.gov.cn/zhengce/zhengceku/2022-10/26/content_5721739.htm,2022.10.26,"国务院办公厅",
70,"国务院办公厅关于印发国务院2022年度立法工作计划的通知",,发布性,gov.cn,http://www.gov.cn/zhengce/zhengceku/2022-07/14/content_5700974.htm,2022.07.14,"国务院办公厅",
71,"国务院办公厅关于印发国家防汛抗旱应急预案的通知",,发布性,gov.cn,http://www.gov.cn/zhengce/zhengceku/2022-07/06/content_5699501.htm,2022.07.06,"国务院办公厅",
72,"国务院关于印发广州南沙深化面向世界的粤港澳全面合作总体方案的通知",,发布性,gov.cn,http://www.gov.cn/zhengce/zhengceku/2022-06/14/content_5695623.htm,2022.06.14,"国务院",
73,"国务院办公厅关于印发城市燃气管道等老化更新改造实施方案（2022—2025年）的通知",,发布性,gov.cn,http://www.gov.cn/zhengce/zhengceku/2022-06/10/content_5695096.htm,2022.06.10,"国务院办公厅",
74,"国务院关于印发扎实稳住经济一揽子政策措施的通知",,发布性,gov.cn,http://www.gov.cn/zhengce/zhengceku/2022-05/31/content_5693159.htm,2022.05.31,"国务院",
75,"国务院办公厅关于印发全国自建房安全专项整治工作方案的通知",,发布性,gov.cn,http://www.gov.cn/zhengce/zhengceku/2022-05/27/content_5692543.htm,2022.05.27,"国务院办公厅",
76,"国务院办公厅关于印发新污染物治理行动方案的通知",,发布性,gov.cn,http://www.gov.cn/zhengce/zhengceku/2022-05/24/content_5692059.htm,2022.05.24,"国务院办公厅",
77,"国务院办公厅关于印发深化医药卫生体制改革2022年重点工作任务的通知",,发布性,gov.cn,http://www.gov.cn/zhengce/zhengceku/2022-05/25/content_5692209.htm,2022.05.25,"国务院办公厅",
78,"国务院办公厅关于印发“十四五”国民健康规划的通知",,发布性,gov.cn,http://www.gov.cn/zhengce/zhengceku/2022-05/20/content_5691424.htm,2022.05.20,"国务院办公厅",
79,"国务院关于印发气象高质量发展纲要（2022—2035年）的通知",,发布性,gov.cn,http://www.gov.cn/zhengce/zhengceku/2022-05/19/content_5691116.htm,2022.05.19,"国务院",
80,"国务院办公厅关于印发2022年政务公开工作要点的通知",,发布性,gov.cn,https://www.gov.cn/zhengce/zhengceku/2022-04/22/content_5686677.htm,2022.04.22,"国务院办公厅",
81,"国务院关于做好自由贸易试验区全面对接国际高标准经贸规则推进高水平制度型开放试点措施复制推广工作的通知",,指示性,gov.cn,https://www.gov.cn/zhengce/zhengceku/202507/content_7030497.htm,2025.07.03,"国务院",
82,"国务院关于做好自由贸易试验区对接国际高标准推进制度型开放试点措施复制推广工作的通知",,指示性,gov.cn,https://www.gov.cn/zhengce/zhengceku/202410/content_6982806.htm,2024.10.25,"国务院",
83,"国务院办公厅转发中国证监会等部门《关于进一步做好资本市场财务造假综合惩防工作的意见》的通知",,指示性,gov.cn,https://www.gov.cn/zhengce/zhengceku/202407/content_6961455.htm,2024.07.05,"国务院办公厅",
84,"国务院办公厅关于转发国家发展改革委、住房城乡建设部《加快推动建筑领域节能降碳工作方案》的通知",,指示性,gov.cn,https://www.gov.cn/zhengce/zhengceku/202403/content_6939607.htm,2024.03.15,"国务院办公厅",
85,"国务院办公厅转发民政部等单位《关于加强低收入人口动态监测做好分层分类社会救助工作的意见》的通知",,指示性,gov.cn,https://www.gov.cn/zhengce/zhengceku/202310/content_6911066.htm,2023.10.23,"国务院办公厅",
86,"国务院关于做好自由贸易试验区第七批改革试点经验复制推广工作的通知",,指示性,gov.cn,https://www.gov.cn/zhengce/zhengceku/202307/content_6890913.htm,2023.07.10,"国务院",
87,"国务院办公厅关于调整第19届亚运会和第4届亚残运会工作领导小组组成人员等有关事项的通知",,指示性,gov.cn,http://www.gov.cn/zhengce/zhengceku/2023-04/18/content_5752017.htm,2023.04.18,"国务院办公厅",
88,"国务院办公厅转发国家发展改革委关于在重点工程项目中大力实施以工代赈促进当地群众就业增收工作方案的通知",,指示性,gov.cn,http://www.gov.cn/zhengce/zhengceku/2022-07/12/content_5700631.htm,2022.07.12,"国务院办公厅",
89,"国务院办公厅关于成立集中打击整治危害药品安全违法犯罪工作领导小组的通知",,指示性,gov.cn,http://www.gov.cn/zhengce/zhengceku/2022-06/24/content_5697494.htm,2022.06.24,"国务院办公厅",
90,"国务院办公厅关于进一步做好高校毕业生等青年就业创业工作的通知",,指示性,gov.cn,http://www.gov.cn/zhengce/zhengceku/2022-05/13/content_5690111.htm,2022.05.13,"国务院办公厅",
91,"国务院办公厅关于成立第19届亚运会和第4届亚残运会工作领导小组的通知",,指示性,gov.cn,http://www.gov.cn/zhengce/zhengceku/2022-04/14/content_5685241.htm,2022.04.14,"国务院办公厅",
92,"国务院应对新型冠状病毒感染肺炎疫情联防联控机制关于切实做好货运物流保通保畅工作的通知",,指示性,gov.cn,http://www.gov.cn/zhengce/zhengceku/2022-04/11/content_5684533.htm,2022.04.11,"国务院办公厅",
93,"国务院关于印发“十四五”节能减排综合工作方案的通知",,指示性,gov.cn,http://www.gov.cn/zhengce/zhengceku/2022-01/24/content_5670202.htm,2022.01.24,"国务院",
94,"国务院办公厅关于印发推进多式联运发展优化调整运输结构工作方案（2021—2025年）的通知",,指示性,gov.cn,http://www.gov.cn/zhengce/zhengceku/2022-01/07/content_5666914.htm,2022.01.07,"国务院办公厅",
95,"国务院应对新型冠状病毒感染肺炎疫情联防联控机制关于加强口岸城市新冠肺炎疫情防控工作的通知",,指示性,gov.cn,http://www.gov.cn/zhengce/zhengceku/2021-12/11/content_5659950.htm,2021.12.11,"国务院应对新型冠状病毒感染肺炎疫情联防联控机制",
96,"国务院办公厅关于印发深化医药卫生体制改革2021年重点工作任务的通知",,指示性,gov.cn,http://www.gov.cn/zhengce/zhengceku/2021-06/17/content_5618799.htm,2021.06.17,"国务院办公厅",
97,"国务院办公厅关于印发国务院2021年度立法工作计划的通知",,指示性,gov.cn,http://www.gov.cn/zhengce/zhengceku/2021-06/11/content_5617194.htm,2021.06.11,"国务院办公厅",
98,"国务院办公厅转发交通运输部等单位关于加强铁路沿线安全环境治理工作意见的通知",,指示性,gov.cn,http://www.gov.cn/zhengce/zhengceku/2021-06/01/content_5614662.htm,2021.06.01,"国务院办公厅",
99,"国务院办公厅关于印发新时代中央国家机关及有关单位对口支援赣南等原中央苏区工作方案的通知",,指示性,gov.cn,http://www.gov.cn/zhengce/zhengceku/2021-04/30/content_5604143.htm,2021.04.30,"国务院办公厅",
100,"国务院办公厅关于成立国务院未成年人保护工作领导小组的通知",,指示性,gov.cn,http://www.gov.cn/zhengce/zhengceku/2021-04/27/content_5603215.htm,2021.04.27,"国务院办公厅",
101,"国务院办公厅关于印发2021年政务公开工作要点的通知",,指示性,gov.cn,http://www.gov.cn/zhengce/zhengceku/2021-04/23/content_5601602.htm,2021.04.23,"国务院办公厅",
102,"国务院办公厅关于切实加强水库除险加固和运行管护工作的通知",,指示性,gov.cn,https://www.gov.cn/zhengce/zhengceku/2021-04/02/content_5597502.htm,2021.04.02,"国务院办公厅",
103,"国务院办公厅转发国家发展改革委等单位关于进一步做好铁路规划建设工作意见的通知",,指示性,gov.cn,http://www.gov.cn/zhengce/zhengceku/2021-03/29/content_5596585.htm,2021.03.29,"国务院办公厅",
104,"国务院办公厅关于贯彻实施《政府督查工作条例》进一步加强和规范政府督查工作的通知",,指示性,gov.cn,http://www.gov.cn/zhengce/zhengceku/2021-02/10/content_5586683.htm,2021.02.10,"国务院办公厅",
105,"国务院办公厅关于进一步做好困难群众基本生活保障有关工作的通知",,指示性,gov.cn,http://www.gov.cn/zhengce/zhengceku/2021-01/21/content_5581663.htm,2021.01.21,"国务院办公厅",
106,"国务院应对新型冠状病毒感染肺炎疫情联防联控机制关于进一步做好当前新冠肺炎疫情防控工作的通知",,指示性,gov.cn,http://www.gov.cn/zhengce/zhengceku/2021-01/20/content_5581361.htm,2021.01.20,"国务院应对新型冠状病毒感染肺炎疫情联防联控机制",
107,"国务院应对新型冠状病毒感染肺炎疫情联防联控机制关于印发进一步推进新冠病毒核酸检测能力建设工作方案的通知",,指示性,gov.cn,http://www.gov.cn/zhengce/zhengceku/2020-08/31/content_5538788.htm,2020.08.31,"国务院应对新型冠状病毒感染肺炎疫情联防联控机制",
108,"国务院办公厅关于印发深化医药卫生体制改革2020年下半年重点工作任务的通知",,指示性,gov.cn,http://www.gov.cn/zhengce/zhengceku/2020-07/23/content_5529417.htm,2020.07.23,"国务院办公厅",
109,"国务院办公厅关于切实做好长江流域禁捕有关工作的通知",,指示性,gov.cn,http://www.gov.cn/zhengce/zhengceku/2020-07/08/content_5525124.htm,2020.07.08,"国务院办公厅",
110,"国务院办公厅关于印发国务院2020年立法工作计划的通知",,指示性,gov.cn,http://www.gov.cn/zhengce/zhengceku/2020-07/08/content_5525117.htm,2020.07.08,"国务院办公厅",
111,"国务院关于做好自由贸易试验区第六批改革试点经验复制推广工作的通知",,指示性,gov.cn,http://www.gov.cn/zhengce/zhengceku/2020-07/07/content_5524720.htm,2020.07.07,"国务院",
112,"国务院办公厅关于印发2020年政务公开工作要点的通知",,指示性,gov.cn,http://www.gov.cn/zhengce/zhengceku/2020-07/03/content_5523911.htm,2020.07.03,"国务院办公厅",
113,"国务院办公厅转发国土资源部建设部关于加强地质灾害防治工作意见的通知",,指示性,gov.cn,http://www.gov.cn/zhengce/zhengceku/2016-09/30/content_5114296.htm,2016.09.30,"国务院办公厅",
114,"国务院办公厅关于加强行政规范性文件制定和监督管理工作的通知",,指示性,gov.cn,http://www.gov.cn/zhengce/zhengceku/2018-05/31/content_5295071.htm,2018.05.31,"国务院办公厅",
115,"国务院关于做好提高铁路水运航空客运票价工作的通知",,指示性,gov.cn,http://www.gov.cn/zhengce/zhengceku/2016-10/19/content_5121589.htm,2016.10.19,"国务院",
116,"国务院办公厅关于进一步做好关闭整顿小煤矿和煤矿安全生产工作的通知",,指示性,gov.cn,http://www.gov.cn/zhengce/zhengceku/2016-10/10/content_5116723.htm,2016.10.10,"国务院办公厅",
117,"国务院关于进一步做好城镇退役士兵安置工作的通知",,指示性,gov.cn,http://www.gov.cn/zhengce/zhengceku/2008-03/28/content_7464.htm,2008.03.28,"国务院",
118,"国务院办公厅转发国务院纠正行业不正之风办公室关于2004年纠风工作实施意见的通知",,指示性,gov.cn,http://www.gov.cn/zhengce/zhengceku/2008-03/28/content_7531.htm,2008.03.28,"国务院办公厅",
119,"国务院办公厅转发教育部、卫生部关于加强学校卫生防疫与食品卫生安全工作意见的通知",,指示性,gov.cn,http://www.gov.cn/zhengce/zhengceku/2008-03/28/content_6378.htm,2008.03.28,"国务院办公厅",
120,"国务院办公厅关于进一步做好血吸虫病传染源控制工作的通知",,指示性,gov.cn,http://www.gov.cn/zhengce/zhengceku/2008-03/28/content_6175.htm,2008.03.28,"国务院办公厅",
121,"国务院办公厅关于深入开展毒鼠强专项整治工作的通知",,指示性,gov.cn,http://www.gov.cn/zhengce/zhengceku/2008-03/28/content_6329.htm,2008.03.28,"国务院办公厅",
122,"国务院关于做好促进就业工作的通知",,指示性,gov.cn,http://www.gov.cn/zhengce/zhengceku/2008-03/28/content_6632.htm,2008.03.28,"国务院",
123,"国务院办公厅关于进一步加强药品安全监管工作的通知",,指示性,gov.cn,http://www.gov.cn/zhengce/zhengceku/2008-03/28/content_6251.htm,2008.03.28,"国务院办公厅",
124,"国务院关于印发节能减排综合性工作方案的通知",,指示性,gov.cn,http://www.gov.cn/zhengce/zhengceku/2008-03/28/content_5007.htm,2008.03.28,"国务院",
125,"国务院办公厅关于进一步做好新时期广播电视村村通工作的通知",,指示性,gov.cn,http://www.gov.cn/zhengce/zhengceku/2008-03/28/content_5931.htm,2008.03.28,"国务院办公厅",
126,"国务院批转国务院生产办公室关于进一步做好限产压库工作意见的通知",,指示性,gov.cn,http://www.gov.cn/zhengce/zhengceku/2015-12/22/content_10483.htm,2015.12.22,"国务院",
127,"国务院办公厅关于印发消防工作考核办法的通知",,指示性,gov.cn,http://www.gov.cn/zhengce/zhengceku/2013-03/04/content_6118.htm,2013.03.04,"国务院办公厅",
128,"国务院办公厅关于印发质量工作考核办法的通知",,指示性,gov.cn,http://www.gov.cn/zhengce/zhengceku/2013-06/06/content_4144.htm,2013.06.06,"国务院办公厅",
129,"国务院办公厅关于印发国务院2011年立法工作计划的通知",,指示性,gov.cn,http://www.gov.cn/zhengce/zhengceku/2016-06/14/content_5082204.htm,2016.06.14,"国务院办公厅",
130,"国务院关于加强民用航空安全工作的通知",,指示性,gov.cn,http://www.gov.cn/zhengce/zhengceku/2016-07/28/content_5090546.htm,2016.07.28,"国务院",
131,"国务院办公厅关于印发2016年食品安全重点工作安排的通知",,指示性,gov.cn,http://www.gov.cn/zhengce/zhengceku/2016-05/11/content_5072221.htm,2016.05.11,"国务院办公厅",
132,"国务院办公厅关于做好全国人大代表建议和全国政协委员提案办理结果公开工作的通知",,指示性,gov.cn,http://www.gov.cn/zhengce/zhengceku/2014-10/17/content_9150.htm,2014.10.17,"国务院办公厅",
133,"国务院办公厅关于做好2014年国庆期间旅游工作的通知",,指示性,gov.cn,http://www.gov.cn/zhengce/zhengceku/2014-09/29/content_9102.htm,2014.09.29,"国务院办公厅",
134,"国务院办公厅关于印发近期土壤环境保护和综合治理工作安排的通知",,指示性,gov.cn,http://www.gov.cn/zhengce/zhengceku/2013-01/28/content_4574.htm,2013.01.28,"国务院办公厅",
135,"国务院办公厅转发农牧渔业部关于做好蝗虫防治工作紧急报告的通知",,指示性,gov.cn,http://www.gov.cn/zhengce/zhengceku/2012-08/20/content_3093.htm,2012.08.20,"国务院办公厅",
136,"国务院办公厅关于中国国际文化交流中心直接与有关部门联系工作的通知",,指示性,gov.cn,http://www.gov.cn/zhengce/zhengceku/2012-07/17/content_5749.htm,2012.07.17,"国务院办公厅",
137,"国务院办公厅、中央军委办公厅转发关于一九八七年军队转业干部安置工作意见的通知",,指示性,gov.cn,http://www.gov.cn/zhengce/zhengceku/2012-02/08/content_7516.htm,2012.02.08,"国务院办公厅、中央军委办公厅",
138,"国务院办公厅关于印发深化医药卫生体制改革2014年工作总结和2015年重点工作任务的通知",,指示性,gov.cn,http://www.gov.cn/zhengce/zhengceku/2015-05/09/content_9716.htm,2015.05.09,"国务院办公厅",
139,"国务院关于一九九二年度棉花购销工作有关政策的通知",,指示性,gov.cn,http://www.gov.cn/zhengce/zhengceku/2015-12/18/content_10447.htm,2015.12.18,"国务院",
140,"国务院办公厅关于做好2015年春节元宵节期间旅游安全工作的通知",,指示性,gov.cn,http://www.gov.cn/zhengce/zhengceku/2015-02/09/content_9466.htm,2015.02.09,"国务院办公厅",
141,"国务院办公厅转发关于加强黄河中游地区水土保持工作报告的通知",,指示性,gov.cn,http://www.gov.cn/zhengce/zhengceku/2012-08/20/content_3174.htm,2012.08.20,"国务院办公厅",
142,"国务院办公厅转发城乡建设环境保护部关于加强抗震防灾工作报告的通知",,指示性,gov.cn,http://www.gov.cn/zhengce/zhengceku/2012-08/20/content_5823.htm,2012.08.20,"国务院办公厅",
143,"国务院关于进一步做好普通高等学校毕业生就业工作的通知",,指示性,gov.cn,http://www.gov.cn/zhengce/zhengceku/2011-06/01/content_6594.htm,2011.06.01,"国务院",
144,"国务院办公厅转发关于研究大兴安岭林区扑火救灾工作会议纪要的通知",,指示性,gov.cn,http://www.gov.cn/zhengce/zhengceku/2011-03/30/content_6203.htm,2011.03.30,"国务院办公厅",
145,"国务院批转国家物价局等部门关于对紧俏农副产品加强市场和价格管理的报告的通知",,批转性,gov.cn,http://www.gov.cn/zhengce/zhengceku/2016-10/19/content_5121866.htm,2016.10.19,"国务院",
146,"国务院批转国家计委、财政部、水利部、建设部关于加强公益性水利工程建设管理若干意见的通知",,批转性,gov.cn,http://www.gov.cn/zhengce/zhengceku/2016-09/18/content_5109009.htm,2016.09.18,"国务院",
147,"国务院关于批转财政部权责发生制政府综合财务报告制度改革方案的通知",,批转性,gov.cn,http://www.gov.cn/zhengce/zhengceku/2014-12/31/content_9372.htm,2014.12.31,"国务院",
148,"国务院批转关税税则委员会、财政部、国家税务总局关于第二步清理关税和进口环节税减免规定意见的通知",,批转性,gov.cn,http://www.gov.cn/zhengce/zhengceku/2016-08/30/content_5103501.htm,2016.08.30,"国务院",
149,"国务院批转国家计委关于广东省和天津市违反基本建设管理规定情况报告的通知",,批转性,gov.cn,http://www.gov.cn/zhengce/zhengceku/2012-06/05/content_1708.htm,2012.06.05,"国务院",
150,"国务院批转国家物价局、煤炭工业部关于扩大统配煤地区差价和调整品种比价方案的通知",,批转性,gov.cn,http://www.gov.cn/zhengce/zhengceku/2012-06/05/content_1527.htm,2012.06.05,"国务院",
151,"国务院批转国家计委等四个部门关于在全国实行天然气商品量常数包干办法报告的通知",,批转性,gov.cn,http://www.gov.cn/zhengce/zhengceku/2011-08/31/content_2624.htm,2011.08.31,"国务院",
152,"国务院批转国家计委、国务院生产委关于对二百三十四户重点骨干企业试行“双保”办法报告的通知",,批转性,gov.cn,http://www.gov.cn/zhengce/zhengceku/2012-06/04/content_3818.htm,2012.06.04,"国务院",
153,"国务院批转国家计委、国家经委、轻工业部关于加强电冰箱行业管理、控制盲目引进的报告的通知",,批转性,gov.cn,http://www.gov.cn/zhengce/zhengceku/2012-06/05/content_1727.htm,2012.06.05,"国务院",
154,"国务院关于批转发展改革委等部门法人和其他组织统一社会信用代码制度建设总体方案的通知",,批转性,gov.cn,http://www.gov.cn/zhengce/zhengceku/2015-06/17/content_9858.htm,2015.06.17,"国务院",
155,"国务院批转公安部关于企业事业单位公安机构体制改革意见的通知",,批转性,gov.cn,http://www.gov.cn/zhengce/zhengceku/2010-11/15/content_6735.htm,2010.11.15,"国务院",
156,"国务院批转国家计委关于西北地区经济规划问题报告的通知",,批转性,gov.cn,http://www.gov.cn/zhengce/zhengceku/2010-12/30/content_2152.htm,2010.12.30,"国务院",
157,"国务院批转全国打击侵犯知识产权和制售假冒伪劣商品工作领导小组《关于依法公开制售假冒伪劣商品和侵犯知识产权行政处罚案件信息的意见（试行）》的通知",,批转性,gov.cn,http://www.gov.cn/zhengce/zhengceku/2014-02/19/content_8644.htm,2014.02.19,"国务院",
158,"国务院批转劳动人事部、国家计委关于一九八五年全民所有制单位工资总额计划的通知",,批转性,gov.cn,http://www.gov.cn/zhengce/zhengceku/2012-10/09/content_7510.htm,2012.10.09,"国务院",
159,"国务院批转中国民用航空局等部门关于由民航统一安排承运劳务人员和物资的请示的通知",,批转性,gov.cn,http://www.gov.cn/zhengce/zhengceku/2017-05/24/content_5192827.htm,2017.05.24,"国务院",
160,"国务院关于批转国务院证券委员会1995年证券期货工作安排意见的通知",,批转性,gov.cn,http://www.gov.cn/zhengce/zhengceku/2017-03/06/content_5173853.htm,2017.03.06,"国务院",
161,"国务院办公厅转发国务院特区办公室关于简化外商投资企业中方人员出国（境）审批手续规定的通知",,批转性,gov.cn,http://www.gov.cn/zhengce/zhengceku/2016-10/18/content_5121004.htm,2016.10.18,"国务院办公厅",
162,"国务院批转民政部等部门关于扶持农村贫困户发展生产治穷致富的请示的通知",,批转性,gov.cn,http://www.gov.cn/zhengce/zhengceku/2016-10/20/content_5122367.htm,2016.10.20,"国务院",
163,"国务院批转城乡建设环境保护部关于改革城市公共交通工作的报告的通知",,批转性,gov.cn,http://www.gov.cn/zhengce/zhengceku/2016-10/20/content_5122312.htm,2016.10.20,"国务院",
164,"国务院批转水利部关于依靠群众合作兴修农村水利意见的通知",,批转性,gov.cn,http://www.gov.cn/zhengce/zhengceku/2016-10/19/content_5121668.htm,2016.10.19,"国务院",
165,"国务院批转建设部等部门关于解决我国城市生活垃圾问题几点意见的通知",,批转性,gov.cn,http://www.gov.cn/zhengce/zhengceku/2016-10/20/content_5122206.htm,2016.10.20,"国务院",
166,"国务院批转地质矿产部关于切实加强地质矿产工作请示的通知",,批转性,gov.cn,http://www.gov.cn/zhengce/zhengceku/2016-10/20/content_5122211.htm,2016.10.20,"国务院",
167,"国务院批转关于加强企业流动资金管理的报告的通知",,批转性,gov.cn,http://www.gov.cn/zhengce/zhengceku/2016-10/18/content_5121093.htm,2016.10.18,"国务院",
168,"国务院批转城乡建设环境保护部关于重点项目建设中城市规划和前期工作意见的报告的通知",,批转性,gov.cn,http://www.gov.cn/zhengce/zhengceku/2016-10/19/content_5121875.htm,2016.10.19,"国务院",
169,"国务院批转交通部关于召开全国县社公路建设现场会情况的报告的通知",,批转性,gov.cn,http://www.gov.cn/zhengce/zhengceku/2016-10/18/content_5121104.htm,2016.10.18,"国务院",
170,"国务院批转卫生部等部门关于发展和完善农村合作医疗若干意见的通知",,批转性,gov.cn,http://www.gov.cn/zhengce/zhengceku/2016-10/19/content_5121517.htm,2016.10.19,"国务院",
171,"国务院批转国家计委关于加强商品房屋建设管理请示的通知",,批转性,gov.cn,http://www.gov.cn/zhengce/zhengceku/2016-10/19/content_5121570.htm,2016.10.19,"国务院",
172,"国务院批转教育部国家教育事业发展“十一五”规划纲要的通知",,批转性,gov.cn,http://www.gov.cn/zhengce/zhengceku/2008-03/28/content_5495.htm,2008.03.28,"国务院",
173,"国务院批转节能减排统计监测及考核实施方案和办法的通知",,批转性,gov.cn,http://www.gov.cn/zhengce/zhengceku/2008-03/28/content_4949.htm,2008.03.28,"国务院",
174,"国务院批转公安部关于推进小城镇户籍管理制度改革意见的通知",,批转性,gov.cn,http://www.gov.cn/zhengce/zhengceku/2016-09/22/content_5110816.htm,2016.09.22,"国务院",
175,"国务院批转中国人民银行关于进一步做好证券回购债务清偿工作请示的通知",,批转性,gov.cn,http://www.gov.cn/zhengce/zhengceku/2010-12/31/content_2312.htm,2010.12.31,"国务院",
176,"国务院办公厅转发国务院行政审批制度改革工作领导小组办公室关于进一步推进省级政府行政审批制度改革意见的通知",,批转性,gov.cn,http://www.gov.cn/zhengce/zhengceku/2008-03/28/content_1973.htm,2008.03.28,"国务院办公厅",
177,"国务院批转国务院机电产品出口办公室关于进一步推动机电产品出口意见的通知",,批转性,gov.cn,http://www.gov.cn/zhengce/zhengceku/2010-12/03/content_8156.htm,2010.12.03,"国务院",
178,"国务院批转发展改革委关于2009年深化经济体制改革工作意见的通知",,批转性,gov.cn,http://www.gov.cn/zhengce/zhengceku/2009-05/25/content_1324.htm,2009.05.25,"国务院",
179,"国务院批转国务院抗震救灾总指挥部关于当前抗震救灾进展情况和下一阶段工作任务的通知",,批转性,gov.cn,http://www.gov.cn/zhengce/zhengceku/2008-05/30/content_5718.htm,2008.05.30,"国务院",
180,"国务院关于批转国家机械工业委员会组建方案的通知",,批转性,gov.cn,http://www.gov.cn/zhengce/zhengceku/2012-01/30/content_3268.htm,2012.01.30,"国务院",
181,"国务院、中央军委批转总政治部关于重新规定军官家属随军条件请示的通知",,批转性,gov.cn,http://www.gov.cn/zhengce/zhengceku/2010-12/30/content_7497.htm,2010.12.30,"国务院、中央军委",
182,"国务院批转林业部关于各省、自治区、直辖市年森林采伐限额审核意见报告的通知",,批转性,gov.cn,http://www.gov.cn/zhengce/zhengceku/2011-03/29/content_2947.htm,2011.03.29,"国务院",
183,"国务院、中央军委批转总参谋部、总政治部、总后勤部关于军队部分编外单位的现役军人就地安置的请示的通知",,批转性,gov.cn,http://www.gov.cn/zhengce/zhengceku/2013-10/22/content_6322.htm,2013.10.22,"国务院、中央军委",
184,"国务院办公厅关于转发生态环境部等部门《群众身边水体保护治理行动方案》的通知",,转发性,gov.cn,https://www.gov.cn/zhengce/zhengceku/202607/content_7075365.htm,2026.07.14,"国务院办公厅",
185,"国务院办公厅转发海关总署《关于促进综合保税区扩能提质的若干措施》的通知",,转发性,gov.cn,https://www.gov.cn/zhengce/zhengceku/202604/content_7066114.htm,2026.04.17,"国务院办公厅",
186,"国务院办公厅转发民政部等部门《关于进一步加强养老机构安全管理的意见》的通知",,转发性,gov.cn,https://www.gov.cn/zhengce/zhengceku/202602/content_7057652.htm,2026.02.10,"国务院办公厅",
187,"国务院办公厅转发财政部《关于规范政府和社会资本合作存量项目建设和运营的指导意见》的通知",,转发性,gov.cn,https://www.gov.cn/zhengce/zhengceku/202508/content_7037233.htm,2025.08.20,"国务院办公厅",
188,"国务院办公厅转发住房城乡建设部《关于进一步加强城市建筑垃圾治理的意见》的通知",,转发性,gov.cn,https://www.gov.cn/zhengce/zhengceku/202506/content_7027027.htm,2025.06.09,"国务院办公厅",
189,"国务院办公厅转发商务部《关于支持国际消费中心城市培育建设的若干措施》的通知",,转发性,gov.cn,https://www.gov.cn/zhengce/zhengceku/202503/content_7015728.htm,2025.03.26,"国务院办公厅",
190,"国务院办公厅关于转发商务部、国家发展改革委《2025年稳外资行动方案》的通知",,转发性,gov.cn,https://www.gov.cn/zhengce/zhengceku/202502/content_7004410.htm,2025.02.19,"国务院办公厅",
191,"国务院办公厅转发金融监管总局《关于加强监管防范风险推动信托业高质量发展的若干意见》的通知",,转发性,gov.cn,https://www.gov.cn/zhengce/zhengceku/202501/content_7001455.htm,2025.01.27,"国务院办公厅",
192,"国务院办公厅转发国家发展改革委、体育总局《关于建设高质量户外运动目的地的指导意见》的通知",,转发性,gov.cn,https://www.gov.cn/zhengce/zhengceku/202501/content_7000445.htm,2025.01.22,"国务院办公厅",
193,"国务院办公厅转发生态环境部《关于建设美丽中国先行区的实施意见》的通知",,转发性,gov.cn,https://www.gov.cn/zhengce/zhengceku/202501/content_6998720.htm,2025.01.15,"国务院办公厅",
194,"国务院办公厅转发中国证监会等部门《关于加强监管防范风险促进期货市场高质量发展的意见》的通知",,转发性,gov.cn,https://www.gov.cn/zhengce/zhengceku/202410/content_6979354.htm,2024.10.11,"国务院办公厅",
195,"国务院办公厅关于转发教育部等部门《教育部直属师范大学本研衔接师范生公费教育实施办法》的通知",,转发性,gov.cn,https://www.gov.cn/zhengce/zhengceku/202406/content_6957261.htm,2024.06.14,"国务院办公厅",
196,"国务院办公厅关于转发国家发展改革委《城市社区嵌入式服务设施建设工程实施方案》的通知",,转发性,gov.cn,https://www.gov.cn/zhengce/zhengceku/202311/content_6917191.htm,2023.11.26,"国务院办公厅",
197,"国务院办公厅转发国家发展改革委、财政部《关于规范实施政府和社会资本合作新机制的指导意见》的通知",,转发性,gov.cn,https://www.gov.cn/zhengce/zhengceku/202311/content_6914162.htm,2023.11.08,"国务院办公厅",
198,"国务院办公厅转发国家发展改革委关于恢复和扩大消费措施的通知",,转发性,gov.cn,https://www.gov.cn/zhengce/zhengceku/202307/content_6895600.htm,2023.07.31,"国务院办公厅",
199,"国务院办公厅转发商务部科技部关于进一步鼓励外商投资设立研发中心若干措施的通知",,转发性,gov.cn,http://www.gov.cn/zhengce/zhengceku/2023-01/18/content_5737692.htm,2023.01.18,"国务院办公厅",
200,"国务院办公厅转发财政部、国家林草局（国家公园局）关于推进国家公园建设若干财政政策意见的通知",,转发性,gov.cn,http://www.gov.cn/zhengce/zhengceku/2022-09/29/content_5713707.htm,2022.09.29,"国务院办公厅",
201,"国务院办公厅转发国家发展改革委国家能源局关于促进新时代新能源高质量发展实施方案的通知",,转发性,gov.cn,http://www.gov.cn/zhengce/zhengceku/2022-05/30/content_5693013.htm,2022.05.30,"国务院办公厅",
202,"国务院办公厅转发国家发展改革委等部门关于加快推进城镇环境基础设施建设指导意见的通知",,转发性,gov.cn,http://www.gov.cn/zhengce/zhengceku/2022-02/09/content_5672710.htm,2022.02.09,"国务院办公厅",
203,"国务院办公厅关于转发教育部等部门“十四五”特殊教育发展提升行动计划的通知",,转发性,gov.cn,http://www.gov.cn/zhengce/zhengceku/2022-01/25/content_5670341.htm,2022.01.25,"国务院办公厅",
204,"国务院办公厅转发司法部关于审理政府信息公开行政复议案件若干问题指导意见的通知",,转发性,gov.cn,http://www.gov.cn/zhengce/zhengceku/2022-01/04/content_5666340.htm,2022.01.04,"国务院办公厅",
205,"国务院办公厅转发国家发展改革委关于推动生活性服务业补短板上水平提高人民生活品质若干意见的通知",,转发性,gov.cn,http://www.gov.cn/zhengce/zhengceku/2021-11/02/content_5648192.htm,2021.11.02,"国务院办公厅",
206,"国务院办公厅转发国家乡村振兴局中央农办财政部关于加强扶贫项目资产后续管理指导意见的通知",,转发性,gov.cn,http://www.gov.cn/zhengce/zhengceku/2021-06/04/content_5615474.htm,2021.06.04,"国务院办公厅",
207,"国务院办公厅转发国家发展改革委等部门关于推动城市停车设施发展意见的通知",,转发性,gov.cn,http://www.gov.cn/zhengce/zhengceku/2021-05/21/content_5609800.htm,2021.05.21,"国务院办公厅",
208,"国务院办公厅转发国家发展改革委等部门关于清理规范城镇供水供电供气供暖行业收费促进行业高质量发展意见的通知",,转发性,gov.cn,http://www.gov.cn/zhengce/zhengceku/2021-01/06/content_5577440.htm,2021.01.06,"国务院办公厅",
209,"国务院办公厅转发国家发展改革委等单位关于推动都市圈市域（郊）铁路加快发展意见的通知",,转发性,gov.cn,http://www.gov.cn/zhengce/zhengceku/2020-12/17/content_5570364.htm,2020.12.17,"国务院办公厅",
210,"国务院办公厅转发国家发展改革委等部门关于加快推进快递包装绿色转型意见的通知",,转发性,gov.cn,http://www.gov.cn/zhengce/zhengceku/2020-12/14/content_5569345.htm,2020.12.14,"国务院办公厅",
211,"国务院办公厅转发国家发展改革委关于促进特色小镇规范健康发展意见的通知",,转发性,gov.cn,http://www.gov.cn/zhengce/zhengceku/2020-09/25/content_5547095.htm,2020.09.25,"国务院办公厅",
212,"国务院办公厅转发国务院住房制度改革领导小组关于全面推进城镇住房制度改革意见的通知",,转发性,gov.cn,http://www.gov.cn/zhengce/zhengceku/2016-10/18/content_5121083.htm,2016.10.18,"国务院办公厅",
213,"国务院办公厅转发国家经贸委等部门关于进一步扶持农业机械工业发展若干意见的通知",,转发性,gov.cn,http://www.gov.cn/zhengce/zhengceku/2016-10/12/content_5118029.htm,2016.10.12,"国务院办公厅",
214,"国务院办公厅转发国家经贸委等部门关于进一步整顿和规范成品油市场秩序意见的通知",,转发性,gov.cn,http://www.gov.cn/zhengce/zhengceku/2016-10/10/content_5116896.htm,2016.10.10,"国务院办公厅",
215,"国务院关于印发划转部分国有资本充实社保基金实施方案的通知",,转发性,gov.cn,http://www.gov.cn/zhengce/zhengceku/2017-11/18/content_5240652.htm,2017.11.18,"国务院",
216,"国务院办公厅关于印发全国深化“放管服”改革着力培育和激发市场主体活力电视电话会议重点任务分工方案的通知",,会议,gov.cn,http://www.gov.cn/zhengce/zhengceku/2021-07/20/content_5626165.htm,2021.07.20,"国务院办公厅",
217,"国务院办公厅关于印发全国深化“放管服”改革优化营商环境电视电话会议重点任务分工方案的通知",,会议,gov.cn,http://www.gov.cn/zhengce/zhengceku/2020-11/10/content_5560234.htm,2020.11.10,"国务院办公厅",
218,"国务院办公厅关于印发全国深化“放管服”改革优化营商环境电视电话会议重点任务分工方案的通知",,会议,gov.cn,http://www.gov.cn/zhengce/zhengceku/2019-08/12/content_5420694.htm,2019.08.12,"国务院办公厅",
219,"国务院办公厅关于贯彻落实全国知识产权保护与执法工作电视电话会议精神任务分工的通知",,会议,gov.cn,http://www.gov.cn/zhengce/zhengceku/2010-11/23/content_5461.htm,2010.11.23,"国务院办公厅",
220,"国务院办公厅转发卫生部关于全国地方病防治工作会议纪要的通知",,会议,gov.cn,https://www.gov.cn/zhengce/zhengceku/2016-10/19/content_5121310.htm,2016.10.19,"国务院办公厅",
221,"国务院办公厅转发关于港口管理体制改革会议纪要的通知",,会议,gov.cn,http://www.gov.cn/zhengce/zhengceku/2012-01/29/content_3680.htm,2012.01.29,"国务院办公厅",
222,"国务院办公厅关于印发李鹏代总理、田纪云副总理在全国财政工作会议上讲话的通知",,会议,gov.cn,http://www.gov.cn/zhengce/zhengceku/2011-09/29/content_1813.htm,2011.09.29,"国务院办公厅",
223,"国务院办公厅转发关于研究解决国有林区森林工业问题会议纪要的通知",,会议,gov.cn,http://www.gov.cn/zhengce/zhengceku/2012-08/21/content_2957.htm,2012.08.21,"国务院办公厅",
224,"转发国务院物价小组会议纪要的通知",,会议,gov.cn,http://www.gov.cn/zhengce/zhengceku/2012-06/20/content_1502.htm,2012.06.20,"国务院办公厅",
225,"国务院批转第二次全国农村房屋建设工作会议纪要的通知",,会议,gov.cn,http://www.gov.cn/zhengce/zhengceku/2016-10/18/content_5121011.htm,2016.10.18,"国务院",
226,"国务院办公厅转发关于研究全国农业工作会议提出的几个问题会议纪要的通知",,会议,gov.cn,http://www.gov.cn/zhengce/zhengceku/2011-03/31/content_3422.htm,2011.03.31,"国务院办公厅",
227,"国务院批转全国牧区工作会议纪要的通知",,会议,gov.cn,http://www.gov.cn/zhengce/zhengceku/2011-03/30/content_3465.htm,2011.03.30,"国务院",
228,"国务院办公厅转发关于烟台、唐山、蚌埠、常州、江门五城市住房制度改革试点工作会议纪要的通知",,会议,gov.cn,http://www.gov.cn/zhengce/zhengceku/2012-06/15/content_4971.htm,2012.06.15,"国务院办公厅",
229,"国务院办公厅关于转发人事部教育部科技部财政部等部门留学人员回国服务工作部际联席会议制度的通知",,会议,gov.cn,http://www.gov.cn/zhengce/zhengceku/2008-03/28/content_7321.htm,2008.03.28,"国务院办公厅",
230,"国务院办公厅关于贯彻落实国务院治淮治太第四次工作会议精神的通知",,会议,gov.cn,http://www.gov.cn/zhengce/zhengceku/2010-12/29/content_3070.htm,2010.12.29,"国务院办公厅",
231,"国务院办公厅关于印发全国深化简政放权放管结合优化服务改革电视电话会议重点任务分工方案的通知",,会议,gov.cn,http://www.gov.cn/zhengce/zhengceku/2017-06/30/content_5207000.htm,2017.06.30,"国务院办公厅",
232,"国务院办公厅转发关于研究黑龙江省三江平原农业开发问题会议纪要的通知",,会议,gov.cn,http://www.gov.cn/zhengce/zhengceku/2016-10/19/content_5121349.htm,2016.10.19,"国务院办公厅",
233,"国务院关于批转沿海地区对外开放工作会议纪要的通知",,会议,gov.cn,http://www.gov.cn/zhengce/zhengceku/2011-09/08/content_2208.htm,2011.09.08,"国务院",
234,"国务院办公厅转发关于上海港下放问题的会议纪要的通知",,会议,gov.cn,http://www.gov.cn/zhengce/zhengceku/2012-09/21/content_3694.htm,2012.09.21,"国务院办公厅",
235,"国务院关于印发万里同志在全国地矿局长会议上的讲话的通知",,会议,gov.cn,http://www.gov.cn/zhengce/zhengceku/2012-08/20/content_2488.htm,2012.08.20,"国务院",
236,"国务院办公厅关于第四次世界妇女大会期间控制在京召开会议的通知",,会议,gov.cn,http://www.gov.cn/zhengce/zhengceku/2010-12/02/content_6574.htm,2010.12.02,"国务院办公厅",
237,"国务院办公厅关于部际联席会议审批程序等有关问题的通知",,会议,gov.cn,http://www.gov.cn/zhengce/zhengceku/2008-03/28/content_1203.htm,2008.03.28,"国务院办公厅",
238,"国务院办公厅转发全国道路交通安全工作部际联席会议关于进一步落实“五整顿”“三加强”工作措施意见的通知",,会议,gov.cn,http://www.gov.cn/zhengce/zhengceku/2008-03/28/content_3432.htm,2008.03.28,"国务院办公厅",
239,"国务院办公厅转发东南沿海三省第五次打击走私工作会议纪要的通知",,会议,gov.cn,http://www.gov.cn/zhengce/zhengceku/2013-09/05/content_4760.htm,2013.09.05,"国务院办公厅",
240,"国务院批转治淮会议纪要的通知",,会议,gov.cn,http://www.gov.cn/zhengce/zhengceku/2018-06/04/content_5288680.htm,2018.06.04,"国务院",
241,"国务院关于召开全国农业机械化会议的通知",,会议,gov.cn,http://www.gov.cn/zhengce/zhengceku/2016-12/13/content_5147215.htm,2016.12.13,"国务院",
242,"国务院办公厅转发全国妇幼卫生工作会议纪要的通知",,会议,gov.cn,http://www.gov.cn/zhengce/zhengceku/2016-10/18/content_5121141.htm,2016.10.18,"国务院办公厅",
243,"国务院办公厅关于印发全国江河堤防建设现场会会议纪要的通知",,会议,gov.cn,http://www.gov.cn/zhengce/zhengceku/2016-10/18/content_5120742.htm,2016.10.18,"国务院办公厅",
244,"国务院关于批转《一九八七年经济特区工作会议纪要》的通知",,会议,gov.cn,http://www.gov.cn/zhengce/zhengceku/2011-09/30/content_2258.htm,2011.09.30,"国务院",
245,"国务院关于印发姚依林同志在全国财政工作会议上讲话的通知",,会议,gov.cn,http://www.gov.cn/zhengce/zhengceku/2011-10/08/content_1814.htm,2011.10.08,"国务院",
246,"国务院批转国务院反假货币工作联席会议关于进一步加强反假货币工作意见的通知",,会议,gov.cn,https://www.gov.cn/zhengce/zhengceku/2010-11/22/content_2193.htm,2010.11.22,"国务院",
247,"国务院批转国家物资总局关于全国物资局长会议汇报提纲的通知",,会议,gov.cn,https://www.gov.cn/zhengce/zhengceku/2016-10/18/content_5120983.htm,2016.10.18,"国务院",
248,"国务院办公厅转发关于加速发展国产民用飞机问题的会议纪要的通知",,会议,gov.cn,http://www.gov.cn/zhengce/zhengceku/2013-09/10/content_3728.htm,2013.09.10,"国务院办公厅",
249,"国务院办公厅关于成立煤炭出口部际协调会议的通知",,会议,gov.cn,http://www.gov.cn/zhengce/zhengceku/2010-11/14/content_2631.htm,2010.11.14,"国务院办公厅",
250,"国务院办公厅转发关于大连港管理体制改革问题会议纪要的通知",,会议,gov.cn,http://www.gov.cn/zhengce/zhengceku/2012-09/21/content_3689.htm,2012.09.21,"国务院办公厅",
251,"国务院办公厅关于成立国务院抗震救灾指挥部和建立国务院防震减灾工作联席会议制度的通知",,会议,gov.cn,http://www.gov.cn/zhengce/zhengceku/2010-11/12/content_6187.htm,2010.11.12,"国务院办公厅",
252,"国务院关于批转经济特区工作会议纪要的通知",,会议,gov.cn,http://www.gov.cn/zhengce/zhengceku/2013-10/22/content_5336.htm,2013.10.22,"国务院",
253,"国务院办公厅关于建立国务院社会信用体系建设部际联席会议制度的通知",,会议,gov.cn,http://www.gov.cn/zhengce/zhengceku/2008-03/28/content_1907.htm,2008.03.28,"国务院办公厅",
254,"国务院 中央军委批转全国拥军优属拥政爱民工作领导小组民政部总政治部全国拥军优属拥政爱民工作会议纪要的通知",,会议,gov.cn,http://www.gov.cn/zhengce/zhengceku/2008-03/28/content_6267.htm,2008.03.28,"国务院、中央军委",
255,"国务院办公厅关于贯彻落实国务院常务会议精神有关事项的通知",,会议,gov.cn,http://www.gov.cn/zhengce/zhengceku/2015-04/29/content_9679.htm,2015.04.29,"国务院办公厅",
256,"国务院办公厅关于建立国务院证券管理办公会议的通知",,会议,gov.cn,http://www.gov.cn/zhengce/zhengceku/2010-12/26/content_2346.htm,2010.12.26,"国务院办公厅",
257,"国务院办公厅关于印发全国深化“放管服”改革转变政府职能电视电话会议重点任务分工方案的通知",,会议,gov.cn,http://www.gov.cn/zhengce/zhengceku/2018-08/14/content_5313752.htm,2018.08.14,"国务院办公厅",
258,"国务院办公厅关于成立贯彻落实全国金融工作会议专题工作小组的通知",,会议,gov.cn,http://www.gov.cn/zhengce/zhengceku/2016-09/21/content_5110239.htm,2016.09.21,"国务院办公厅",
259,"国务院办公厅关于开展贯彻落实中央经济工作会议精神情况专项检查的通知",,会议,gov.cn,http://www.gov.cn/zhengce/zhengceku/2008-03/28/content_2079.htm,2008.03.28,"国务院办公厅",
260,"国务院办公厅转发解决企业工资拖欠问题部际联席会议关于推进企业解决工资拖欠问题若干意见的通知",,会议,gov.cn,http://www.gov.cn/zhengce/zhengceku/2016-12/20/content_5150618.htm,2016.12.20,"国务院办公厅",
261,"国务院关于调整适用在境外上市公司召开股东大会通知期限等事项规定的批复",,会议,gov.cn,http://www.gov.cn/zhengce/zhengceku/2019-10/22/content_5443493.htm,2019.10.22,"国务院",
262,"国务院、中央军委关于安鲛驹等十二名同志职务任免的命令",,任免,gov.cn,http://www.gov.cn/zhengce/zhengceku/2012-12/17/content_7079.htm,2012.12.17,"国务院、中央军委",
263,"国务院办公厅关于中国人民银行货币政策委员会主席任免的通知",,任免,gov.cn,http://www.gov.cn/zhengce/zhengceku/2008-03/28/content_1992.htm,2008.03.28,"国务院办公厅",
264,"国务院、中央军委关于周玉书等十二名同志职务任免的命令",,任免,gov.cn,http://www.gov.cn/zhengce/zhengceku/2012-07/24/content_7362.htm,2012.07.24,"国务院、中央军委",
265,"国务院办公厅关于应急管理综合行政执法有关事项的通知",,事务性,gov.cn,https://www.gov.cn/zhengce/zhengceku/202307/content_6891898.htm,2023.07.14,"国务院办公厅",
266,"国务院办公厅关于公布《法律、行政法规、国务院决定设定的行政许可事项清单（2023年版）》的通知",,事务性,gov.cn,http://www.gov.cn/zhengce/zhengceku/2023-03/16/content_5746885.htm,2023.03.16,"国务院办公厅",
267,"国务院办公厅关于市场监督管理综合行政执法有关事项的通知",,事务性,gov.cn,http://www.gov.cn/zhengce/zhengceku/2022-11/16/content_5727228.htm,2022.11.16,"国务院办公厅",
268,"国务院关于印发“十四五”国家老龄事业发展和养老服务体系规划的通知",,事务性,gov.cn,http://www.gov.cn/zhengce/zhengceku/2022-02/21/content_5674844.htm,2022.02.21,"国务院",
269,"国务院办公厅关于全面实行行政许可事项清单管理的通知",,事务性,gov.cn,http://www.gov.cn/zhengce/zhengceku/2022-01/30/content_5671368.htm,2022.01.30,"国务院办公厅",
270,"国务院办公厅关于文化市场综合行政执法有关事项的通知",,事务性,gov.cn,http://www.gov.cn/zhengce/zhengceku/2021-06/15/content_5617942.htm,2021.06.15,"国务院办公厅",
271,"国务院办公厅关于交通运输综合行政执法有关事项的通知",,事务性,gov.cn,http://www.gov.cn/zhengce/zhengceku/2020-12/23/content_5572764.htm,2020.12.23,"国务院办公厅",
272,"国务院办公厅关于印发《公共企事业单位信息公开规定制定办法》的通知",,事务性,gov.cn,http://www.gov.cn/zhengce/zhengceku/2020-12/21/content_5571847.htm,2020.12.21,"国务院办公厅",
273,"国务院办公厅关于印发香港法律执业者和澳门执业律师在粤港澳大湾区内地九市取得内地执业资质和从事律师职业试点办法的通知",,事务性,gov.cn,http://www.gov.cn/zhengce/zhengceku/2020-10/22/content_5553309.htm,2020.10.22,"国务院办公厅",
274,"国务院办公厅关于深化商事制度改革进一步为企业松绑减负激发企业活力的通知",,事务性,gov.cn,http://www.gov.cn/zhengce/zhengceku/2020-09/10/content_5542282.htm,2020.09.10,"国务院办公厅",
275,"国务院办公厅关于印发应急救援领域中央与地方财政事权和支出责任划分改革方案的通知",,事务性,gov.cn,http://www.gov.cn/zhengce/zhengceku/2020-07/24/content_5529813.htm,2020.07.24,"国务院办公厅",
276,"国务院办公厅关于印发自然资源领域中央与地方财政事权和支出责任划分改革方案的通知",,事务性,gov.cn,http://www.gov.cn/zhengce/zhengceku/2020-07/10/content_5525614.htm,2020.07.10,"国务院办公厅",
277,"国务院办公厅关于印发公共文化领域中央与地方财政事权和支出责任划分改革方案的通知",,事务性,gov.cn,http://www.gov.cn/zhengce/zhengceku/2020-06/23/content_5521313.htm,2020.06.23,"国务院办公厅",
278,"国务院办公厅关于印发生态环境领域中央与地方财政事权和支出责任划分改革方案的通知",,事务性,gov.cn,http://www.gov.cn/zhengce/zhengceku/2020-06/12/content_5519063.htm,2020.06.12,"国务院办公厅",
279,"国务院办公厅、中央军委办公厅关于认真学习贯彻《中华人民共和国军事设施保护法实施办法》的通知",,事务性,gov.cn,http://www.gov.cn/zhengce/zhengceku/2011-03/24/content_7089.htm,2011.03.24,"国务院办公厅、中央军委办公厅",
280,"国务院办公厅关于印发国家大面积停电事件应急预案的通知",,事务性,gov.cn,http://www.gov.cn/zhengce/zhengceku/2015-11/26/content_10352.htm,2015.11.26,"国务院办公厅",
281,"国务院办公厅关于特大事故批复结案工作有关问题的通知",,事务性,gov.cn,http://www.gov.cn/zhengce/zhengceku/2010-11/14/content_4492.htm,2010.11.14,"国务院办公厅",
282,"国务院办公厅关于印发国务院机关事务管理局职能配置内设机构和人员编制规定的通知",,事务性,gov.cn,http://www.gov.cn/zhengce/zhengceku/2010-11/23/content_7770.htm,2010.11.23,"国务院办公厅",
283,"国务院办公厅关于调整国家核事故应急协调委员会组成单位及其成员的通知",,事务性,gov.cn,http://www.gov.cn/zhengce/zhengceku/2010-12/29/content_7696.htm,2010.12.29,"国务院办公厅",
284,"国务院办公厅、中央军委办公厅转发总参谋部关于加强民兵、预备役部队军事训练基地使用管理工作意见的通知",,事务性,gov.cn,http://www.gov.cn/zhengce/zhengceku/2015-11/30/content_10348.htm,2015.11.30,"国务院办公厅、中央军委办公厅",
285,"国务院办公厅关于调整国家核事故应急协调委员会组成单位及其成员的通知",,事务性,gov.cn,http://www.gov.cn/zhengce/zhengceku/2004-01/19/content_1221.htm,2004.01.19,"国务院办公厅",
286,"国务院办公厅关于印发交通运输领域中央与地方财政事权和支出责任划分改革方案的通知",,事务性,gov.cn,http://www.gov.cn/zhengce/zhengceku/2019-07/10/content_5407908.htm,2019.07.10,"国务院办公厅",
287,"国务院办公厅关于转发国家民族事务委员会兼职委员单位及其职责和国家民族事务委员会兼职委员名单的通知",,事务性,gov.cn,http://www.gov.cn/zhengce/zhengceku/2016-10/12/content_5117940.htm,2016.10.12,"国务院办公厅",
288,"国务院办公厅转发监察部、财政部、人民银行、审计署关于清理整顿行政事业单位银行账户的意见的通知",,事务性,gov.cn,http://www.gov.cn/zhengce/zhengceku/2016-10/09/content_5116396.htm,2016.10.09,"国务院办公厅",
289,"国务院办公厅关于印发人事部职能配置内设机构和人员编制规定的通知",,事务性,gov.cn,http://www.gov.cn/zhengce/zhengceku/2010-11/18/content_7718.htm,2010.11.18,"国务院办公厅",
290,"国务院办公厅关于印发突发事件应急预案管理办法的通知",,事务性,gov.cn,http://www.gov.cn/zhengce/zhengceku/2013-11/08/content_1077.htm,2013.11.08,"国务院办公厅",
291,"国务院办公厅转发人事部关于加强专业技术队伍建设促进中青年专业技术人才迅速成长意见的通知",,事务性,gov.cn,http://www.gov.cn/zhengce/zhengceku/2016-10/18/content_5121114.htm,2016.10.18,"国务院办公厅",
292,"国务院办公厅关于进一步做好公文处理工作有关事项的通知",,事务性,gov.cn,http://www.gov.cn/zhengce/zhengceku/2016-09/30/content_5113976.htm,2016.09.30,"国务院办公厅",
293,"国务院办公厅关于印发少数民族事业“十一五”规划的通知",,事务性,gov.cn,http://www.gov.cn/zhengce/zhengceku/2008-03/28/content_6698.htm,2008.03.28,"国务院办公厅",
294,"国务院办公厅关于印发少数民族事业“十二五”规划的通知",,事务性,gov.cn,http://www.gov.cn/zhengce/zhengceku/2012-07/20/content_6657.htm,2012.07.20,"国务院办公厅",
295,"国务院办公厅印发贯彻落实国务院关于进一步做好利用外资工作若干意见部门分工方案的通知",,指示性,gov.cn,http://www.gov.cn/zhengce/zhengceku/2010-08/19/content_4422.htm,2010.08.19,"国务院办公厅",
296,"国务院办公厅关于切实做好汛期灾害防范应对工作的紧急通知",,指示性,gov.cn,http://www.gov.cn/zhengce/zhengceku/2013-07/11/content_5557.htm,2013.07.11,"国务院办公厅",
297,"国务院办公厅关于做好城市排水防涝设施建设工作的通知",,指示性,gov.cn,http://www.gov.cn/zhengce/zhengceku/2013-04/01/content_5066.htm,2013.04.01,"国务院办公厅",
298,"中央应对新型冠状病毒感染肺炎疫情工作领导小组关于进一步做好疫情防控期间困难群众兜底保障工作的通知",,指示性,gov.cn,http://www.gov.cn/zhengce/zhengceku/2020-03/07/content_5488352.htm,2020.03.07,"中央应对新型冠状病毒感染肺炎疫情工作领导小组",
299,"国务院办公厅关于做好2014年全国普通高等学校毕业生就业创业工作的通知",,指示性,gov.cn,http://www.gov.cn/zhengce/zhengceku/2014-05/13/content_8802.htm,2014.05.13,"国务院办公厅",
300,"国务院关于进一步做好城市副食品工作的通知",,指示性,gov.cn,http://www.gov.cn/zhengce/zhengceku/2016-10/18/content_5120630.htm,2016.10.18,"国务院",
301,"国务院办公厅转发教育部等部门关于进一步做好中国教育电视台第一套节目落地覆盖工作意见的通知",,指示性,gov.cn,http://www.gov.cn/zhengce/zhengceku/2008-03/28/content_5541.htm,2008.03.28,"国务院办公厅",
302,"国务院办公厅关于做好破损污损褪色或者不合规格国旗回收处理工作的通知",,指示性,gov.cn,http://www.gov.cn/zhengce/zhengceku/2009-10/16/content_1102.htm,2009.10.16,"国务院办公厅",
303,"国务院关于做好1998年普通高等学校毕业生就业工作的通知",,指示性,gov.cn,http://www.gov.cn/zhengce/zhengceku/2010-11/17/content_5893.htm,2010.11.17,"国务院",
304,"国务院办公厅关于落实中共中央、国务院做好2000年农业和农村工作意见有关政策问题的通知",,指示性,gov.cn,http://www.gov.cn/zhengce/zhengceku/2010-11/12/content_3158.htm,2010.11.12,"国务院办公厅",
305,"国务院办公厅关于认真做好电力供应有关工作的通知",,指示性,gov.cn,http://www.gov.cn/zhengce/zhengceku/2008-03/28/content_2715.htm,2008.03.28,"国务院办公厅",
306,"国务院办公厅关于做好2006年突发公共事件应对工作评估分析的通知",,指示性,gov.cn,http://www.gov.cn/zhengce/zhengceku/2008-03/28/content_1172.htm,2008.03.28,"国务院办公厅",
307,"国务院办公厅印发关于做好国务院2007年立法工作的意见和国务院2007年立法工作计划的通知",,指示性,gov.cn,http://www.gov.cn/zhengce/zhengceku/2008-03/28/content_1140.htm,2008.03.28,"国务院办公厅",
308,"国务院办公厅关于做好亚运会期间保密工作的通知",,指示性,gov.cn,http://www.gov.cn/zhengce/zhengceku/2010-12/17/content_1104.htm,2010.12.17,"国务院办公厅",
309,"国务院办公厅关于进一步加强旅游市场综合监管的通知",,指示性,gov.cn,https://www.gov.cn/zhengce/zhengceku/202509/content_7040752.htm,2025.09.15,"国务院办公厅",
310,"国务院办公厅关于进一步加强商品过度包装治理的通知",,指示性,gov.cn,http://www.gov.cn/zhengce/zhengceku/2022-09/08/content_5708858.htm,2022.09.08,"国务院办公厅",
311,"国务院办公厅关于印发加强信用信息共享应用促进中小微企业融资实施方案的通知",,指示性,gov.cn,http://www.gov.cn/zhengce/zhengceku/2021-12/29/content_5665109.htm,2021.12.29,"国务院办公厅",
312,"国务院办公厅关于新形势下进一步加强督查激励的通知",,指示性,gov.cn,http://www.gov.cn/zhengce/zhengceku/2021-12/20/content_5662046.htm,2021.12.20,"国务院办公厅",
313,"国务院办公厅转发测绘局等部门关于加强国家版图意识宣传教育和地图市场监管意见的通知",,指示性,gov.cn,http://www.gov.cn/zhengce/zhengceku/2008-03/28/content_5784.htm,2008.03.28,"国务院办公厅",
314,"国务院办公厅印发《国务院关于新形势下加快知识产权强国建设的若干意见》重点任务分工方案的通知",,指示性,gov.cn,http://www.gov.cn/zhengce/zhengceku/2016-07/18/content_5092397.htm,2016.07.18,"国务院办公厅",
315,"国务院办公厅转发水利部关于加强淮河流域2001—2010年防洪建设若干意见的通知",,指示性,gov.cn,http://www.gov.cn/zhengce/zhengceku/2016-10/11/content_5117436.htm,2016.10.11,"国务院办公厅",
316,"国务院办公厅转发海关总署等部门关于加强综合管理促进对外加工装配业务发展意见的通知",,指示性,gov.cn,http://www.gov.cn/zhengce/zhengceku/2012-02/17/content_5224.htm,2012.02.17,"国务院办公厅",
317,"国务院、中央军委关于加强机场净空保护的通知",,指示性,gov.cn,http://www.gov.cn/zhengce/zhengceku/2015-12/02/content_10376.htm,2015.12.02,"国务院、中央军委",
318,"国务院办公厅关于加强值班工作的通知",,指示性,gov.cn,http://www.gov.cn/zhengce/zhengceku/2010-12/02/content_1351.htm,2010.12.02,"国务院办公厅",
319,"国务院办公厅关于加强对国家重大经济信息发布管理的通知",,指示性,gov.cn,http://www.gov.cn/zhengce/zhengceku/2010-11/19/content_1665.htm,2010.11.19,"国务院办公厅",
320,"国务院办公厅转发安全监管总局等部门关于进一步加强烟花爆竹安全监督管理工作意见的通知",,指示性,gov.cn,http://www.gov.cn/zhengce/zhengceku/2010-11/10/content_4214.htm,2010.11.10,"国务院办公厅",
321,"国务院办公厅关于加强淮河流域水污染防治工作的通知",,指示性,gov.cn,http://www.gov.cn/zhengce/zhengceku/2008-03/28/content_5073.htm,2008.03.28,"国务院办公厅",
322,"国务院办公厅关于加强三峡工程建设期三峡水库管理的通知",,指示性,gov.cn,http://www.gov.cn/zhengce/zhengceku/2008-03/28/content_3015.htm,2008.03.28,"国务院办公厅",
323,"国务院办公厅关于进一步加强鲜活农产品运输和销售工作的通知",,指示性,gov.cn,http://www.gov.cn/zhengce/zhengceku/2008-03/28/content_2895.htm,2008.03.28,"国务院办公厅",
324,"国务院办公厅转发财政部科技部关于改进和加强中央财政科技经费管理若干意见的通知",,指示性,gov.cn,http://www.gov.cn/zhengce/zhengceku/2008-03/28/content_1687.htm,2008.03.28,"国务院办公厅",
325,"国务院办公厅关于加强水上搜救工作的通知",,指示性,gov.cn,http://www.gov.cn/zhengce/zhengceku/2019-11/08/content_5450144.htm,2019.11.08,"国务院办公厅",
326,"国务院办公厅转发水利部关于加强辽河流域近期防洪建设若干意见的通知",,指示性,gov.cn,http://www.gov.cn/zhengce/zhengceku/2016-10/12/content_5118015.htm,2016.10.12,"国务院办公厅",